{
    "music_disc.spotdownloadercomthreesixzero": {
        "sounds": [
            {
                "name": "brat_music:records/spotdownloadercomthreesixzero",
                "stream": true
            }
        ]
    },
    "music_disc.spotdownloadercomthreesixfive": {
        "sounds": [
            {
                "name": "brat_music:records/spotdownloadercomthreesixfive",
                "stream": true
            }
        ]
    },
    "music_disc.spotdownloadercomapple": {
        "sounds": [
            {
                "name": "brat_music:records/spotdownloadercomapple",
                "stream": true
            }
        ]
    },
    "music_disc.spotdownloadercombtwob": {
        "sounds": [
            {
                "name": "brat_music:records/spotdownloadercombtwob",
                "stream": true
            }
        ]
    },
    "music_disc.spotdownloadercomclubclassics": {
        "sounds": [
            {
                "name": "brat_music:records/spotdownloadercomclubclassics",
                "stream": true
            }
        ]
    },
    "music_disc.spotdownloadercomeverythingisromantic": {
        "sounds": [
            {
                "name": "brat_music:records/spotdownloadercomeverythingisromantic",
                "stream": true
            }
        ]
    },
    "music_disc.spotdownloadercomgirlsoconfusing": {
        "sounds": [
            {
                "name": "brat_music:records/spotdownloadercomgirlsoconfusing",
                "stream": true
            }
        ]
    },
    "music_disc.spotdownloadercomimightsaysomethingstupid": {
        "sounds": [
            {
                "name": "brat_music:records/spotdownloadercomimightsaysomethingstupid",
                "stream": true
            }
        ]
    },
    "music_disc.spotdownloadercomithinkaboutitallthetime": {
        "sounds": [
            {
                "name": "brat_music:records/spotdownloadercomithinkaboutitallthetime",
                "stream": true
            }
        ]
    },
    "music_disc.spotdownloadercommeangirls": {
        "sounds": [
            {
                "name": "brat_music:records/spotdownloadercommeangirls",
                "stream": true
            }
        ]
    },
    "music_disc.spotdownloadercomrewind": {
        "sounds": [
            {
                "name": "brat_music:records/spotdownloadercomrewind",
                "stream": true
            }
        ]
    },
    "music_disc.spotdownloadercomsoi": {
        "sounds": [
            {
                "name": "brat_music:records/spotdownloadercomsoi",
                "stream": true
            }
        ]
    },
    "music_disc.spotdownloadercomsympathyisaknife": {
        "sounds": [
            {
                "name": "brat_music:records/spotdownloadercomsympathyisaknife",
                "stream": true
            }
        ]
    },
    "music_disc.spotdownloadercomtalktalk": {
        "sounds": [
            {
                "name": "brat_music:records/spotdownloadercomtalktalk",
                "stream": true
            }
        ]
    },
    "music_disc.spotdownloadercomvondutch": {
        "sounds": [
            {
                "name": "brat_music:records/spotdownloadercomvondutch",
                "stream": true
            }
        ]
    }
}