{
    "parent": "item/generated",
    "textures": {
        "layer0": "item/music_disc_11"
    },
    "overrides": [
        {
            "predicate": {
                "custom_model_data": 1
            },
            "model": "brat_music:item/music_disc_spotdownloadercomthreesixzero"
        },
        {
            "predicate": {
                "custom_model_data": 2
            },
            "model": "brat_music:item/music_disc_spotdownloadercomthreesixfive"
        },
        {
            "predicate": {
                "custom_model_data": 3
            },
            "model": "brat_music:item/music_disc_spotdownloadercomapple"
        },
        {
            "predicate": {
                "custom_model_data": 4
            },
            "model": "brat_music:item/music_disc_spotdownloadercombtwob"
        },
        {
            "predicate": {
                "custom_model_data": 5
            },
            "model": "brat_music:item/music_disc_spotdownloadercomclubclassics"
        },
        {
            "predicate": {
                "custom_model_data": 6
            },
            "model": "brat_music:item/music_disc_spotdownloadercomeverythingisromantic"
        },
        {
            "predicate": {
                "custom_model_data": 7
            },
            "model": "brat_music:item/music_disc_spotdownloadercomgirlsoconfusing"
        },
        {
            "predicate": {
                "custom_model_data": 8
            },
            "model": "brat_music:item/music_disc_spotdownloadercomimightsaysomethingstupid"
        },
        {
            "predicate": {
                "custom_model_data": 9
            },
            "model": "brat_music:item/music_disc_spotdownloadercomithinkaboutitallthetime"
        },
        {
            "predicate": {
                "custom_model_data": 10
            },
            "model": "brat_music:item/music_disc_spotdownloadercommeangirls"
        },
        {
            "predicate": {
                "custom_model_data": 11
            },
            "model": "brat_music:item/music_disc_spotdownloadercomrewind"
        },
        {
            "predicate": {
                "custom_model_data": 12
            },
            "model": "brat_music:item/music_disc_spotdownloadercomsoi"
        },
        {
            "predicate": {
                "custom_model_data": 13
            },
            "model": "brat_music:item/music_disc_spotdownloadercomsympathyisaknife"
        },
        {
            "predicate": {
                "custom_model_data": 14
            },
            "model": "brat_music:item/music_disc_spotdownloadercomtalktalk"
        },
        {
            "predicate": {
                "custom_model_data": 15
            },
            "model": "brat_music:item/music_disc_spotdownloadercomvondutch"
        }
    ]
}